"Type","Name","File","Line"
"Namespace","API","C:\DoAnTotNghiep\V-Shield-2.0\API\API\API\Program.cs","14"
"class","Program","C:\DoAnTotNghiep\V-Shield-2.0\API\API\API\Program.cs","16"
"DIRegistration","builder.Services.AddScoped<IAuthService, AuthService>();","C:\DoAnTotNghiep\V-Shield-2.0\API\API\API\Program.cs","52"
"DIRegistration","builder.Services.AddScoped<IVehicleService, VehicleService>();","C:\DoAnTotNghiep\V-Shield-2.0\API\API\API\Program.cs","53"
"DIRegistration","builder.Services.AddScoped<ILanCameraDiscoveryService, LanCameraDiscoveryService>();","C:\DoAnTotNghiep\V-Shield-2.0\API\API\API\Program.cs","54"
"DIRegistration","builder.Services.AddScoped<StaticVisitorQrService>();","C:\DoAnTotNghiep\V-Shield-2.0\API\API\API\Program.cs","55"
"DIRegistration","builder.Services.AddSingleton<RuntimeOrchestrator>();","C:\DoAnTotNghiep\V-Shield-2.0\API\API\API\Program.cs","56"
"DIRegistration","builder.Services.AddHostedService<RuntimeAutoStartHostedService>();","C:\DoAnTotNghiep\V-Shield-2.0\API\API\API\Program.cs","57"
"EndpointMap","app.MapGet(""/health"", () => Results.Ok(new { status = ""ok"", service = ""v-shield-api"" }));","C:\DoAnTotNghiep\V-Shield-2.0\API\API\API\Program.cs","155"
"Namespace","API","C:\DoAnTotNghiep\V-Shield-2.0\API\API\API\WeatherForecast.cs","1"
"class","WeatherForecast","C:\DoAnTotNghiep\V-Shield-2.0\API\API\API\WeatherForecast.cs","3"
"Namespace","API.Controllers","C:\DoAnTotNghiep\V-Shield-2.0\API\API\API\Controllers\AccessLogsController.cs","6"
"class","AccessLogsController","C:\DoAnTotNghiep\V-Shield-2.0\API\API\API\Controllers\AccessLogsController.cs","11"
"RouteAttribute","[HttpGet]","C:\DoAnTotNghiep\V-Shield-2.0\API\API\API\Controllers\AccessLogsController.cs","21"
"RouteAttribute","[HttpGet(""summary"")]","C:\DoAnTotNghiep\V-Shield-2.0\API\API\API\Controllers\AccessLogsController.cs","97"
"RouteAttribute","[HttpGet(""exceptions"")]","C:\DoAnTotNghiep\V-Shield-2.0\API\API\API\Controllers\AccessLogsController.cs","140"
"RouteAttribute","[HttpGet(""{id:int}"")]","C:\DoAnTotNghiep\V-Shield-2.0\API\API\API\Controllers\AccessLogsController.cs","212"
"Namespace","API.Controllers","C:\DoAnTotNghiep\V-Shield-2.0\API\API\API\Controllers\AccessPermissionController.cs","9"
"class","AccessPermissionController","C:\DoAnTotNghiep\V-Shield-2.0\API\API\API\Controllers\AccessPermissionController.cs","13"
"RouteAttribute","[HttpPost(""set-permission"")]","C:\DoAnTotNghiep\V-Shield-2.0\API\API\API\Controllers\AccessPermissionController.cs","22"
"Namespace","API.Controllers","C:\DoAnTotNghiep\V-Shield-2.0\API\API\API\Controllers\AuthController.cs","8"
"class","AuthController","C:\DoAnTotNghiep\V-Shield-2.0\API\API\API\Controllers\AuthController.cs","12"
"RouteAttribute","[HttpPost(""login"")]","C:\DoAnTotNghiep\V-Shield-2.0\API\API\API\Controllers\AuthController.cs","24"
"RouteAttribute","[HttpGet(""me"")]","C:\DoAnTotNghiep\V-Shield-2.0\API\API\API\Controllers\AuthController.cs","40"
"Namespace","API.Controllers","C:\DoAnTotNghiep\V-Shield-2.0\API\API\API\Controllers\BienSoController.cs","6"
"class","BienSoController","C:\DoAnTotNghiep\V-Shield-2.0\API\API\API\Controllers\BienSoController.cs","10"
"RouteAttribute","[HttpGet(""cameras"")]","C:\DoAnTotNghiep\V-Shield-2.0\API\API\API\Controllers\BienSoController.cs","23"
"RouteAttribute","[HttpGet(""plates"")]","C:\DoAnTotNghiep\V-Shield-2.0\API\API\API\Controllers\BienSoController.cs","40"
"RouteAttribute","[HttpGet(""plate"")]","C:\DoAnTotNghiep\V-Shield-2.0\API\API\API\Controllers\BienSoController.cs","64"
"RouteAttribute","[HttpGet(""camera-plates"")]","C:\DoAnTotNghiep\V-Shield-2.0\API\API\API\Controllers\BienSoController.cs","80"
"Namespace","API.Controllers","C:\DoAnTotNghiep\V-Shield-2.0\API\API\API\Controllers\BiometricsController.cs","6"
"class","BiometricsController","C:\DoAnTotNghiep\V-Shield-2.0\API\API\API\Controllers\BiometricsController.cs","11"
"RouteAttribute","[HttpGet(""overview"")]","C:\DoAnTotNghiep\V-Shield-2.0\API\API\API\Controllers\BiometricsController.cs","20"
"Namespace","API.Controllers","C:\DoAnTotNghiep\V-Shield-2.0\API\API\API\Controllers\DashboardController.cs","6"
"class","DashboardController","C:\DoAnTotNghiep\V-Shield-2.0\API\API\API\Controllers\DashboardController.cs","11"
"RouteAttribute","[HttpGet(""overview"")]","C:\DoAnTotNghiep\V-Shield-2.0\API\API\API\Controllers\DashboardController.cs","20"
"Namespace","API.Controllers","C:\DoAnTotNghiep\V-Shield-2.0\API\API\API\Controllers\DepartmentsController.cs","8"
"class","DepartmentsController","C:\DoAnTotNghiep\V-Shield-2.0\API\API\API\Controllers\DepartmentsController.cs","13"
"RouteAttribute","[HttpGet]","C:\DoAnTotNghiep\V-Shield-2.0\API\API\API\Controllers\DepartmentsController.cs","23"
"RouteAttribute","[HttpGet(""{id}"")]","C:\DoAnTotNghiep\V-Shield-2.0\API\API\API\Controllers\DepartmentsController.cs","40"
"RouteAttribute","[HttpPost]","C:\DoAnTotNghiep\V-Shield-2.0\API\API\API\Controllers\DepartmentsController.cs","59"
"ReflectionLike","return CreatedAtAction(nameof(GetById), new { id = department.DepartmentId }, new DepartmentResponse","C:\DoAnTotNghiep\V-Shield-2.0\API\API\API\Controllers\DepartmentsController.cs","77"
"RouteAttribute","[HttpPut(""{id}"")]","C:\DoAnTotNghiep\V-Shield-2.0\API\API\API\Controllers\DepartmentsController.cs","86"
"RouteAttribute","[HttpDelete(""{id}"")]","C:\DoAnTotNghiep\V-Shield-2.0\API\API\API\Controllers\DepartmentsController.cs","112"
"Namespace","API.Controllers","C:\DoAnTotNghiep\V-Shield-2.0\API\API\API\Controllers\DeviceManagementController.cs","9"
"class","DeviceManagementController","C:\DoAnTotNghiep\V-Shield-2.0\API\API\API\Controllers\DeviceManagementController.cs","14"
"RouteAttribute","[HttpGet(""overview"")]","C:\DoAnTotNghiep\V-Shield-2.0\API\API\API\Controllers\DeviceManagementController.cs","25"
"RouteAttribute","[HttpGet(""cameras"")]","C:\DoAnTotNghiep\V-Shield-2.0\API\API\API\Controllers\DeviceManagementController.cs","68"
"RouteAttribute","[HttpPost(""cameras"")]","C:\DoAnTotNghiep\V-Shield-2.0\API\API\API\Controllers\DeviceManagementController.cs","94"
"ReflectionLike","return CreatedAtAction(nameof(GetCameras), new { id = camera.CameraId }, new","C:\DoAnTotNghiep\V-Shield-2.0\API\API\API\Controllers\DeviceManagementController.cs","122"
"RouteAttribute","[HttpPut(""cameras/{id:int}"")]","C:\DoAnTotNghiep\V-Shield-2.0\API\API\API\Controllers\DeviceManagementController.cs","133"
"RouteAttribute","[HttpDelete(""cameras/{id:int}"")]","C:\DoAnTotNghiep\V-Shield-2.0\API\API\API\Controllers\DeviceManagementController.cs","173"
"RouteAttribute","[HttpGet(""gates"")]","C:\DoAnTotNghiep\V-Shield-2.0\API\API\API\Controllers\DeviceManagementController.cs","201"
"RouteAttribute","[HttpPost(""gates"")]","C:\DoAnTotNghiep\V-Shield-2.0\API\API\API\Controllers\DeviceManagementController.cs","233"
"ReflectionLike","return CreatedAtAction(nameof(GetGates), new { id = gate.GateId }, new","C:\DoAnTotNghiep\V-Shield-2.0\API\API\API\Controllers\DeviceManagementController.cs","251"
"RouteAttribute","[HttpPut(""gates/{id:int}"")]","C:\DoAnTotNghiep\V-Shield-2.0\API\API\API\Controllers\DeviceManagementController.cs","259"
"RouteAttribute","[HttpDelete(""gates/{id:int}"")]","C:\DoAnTotNghiep\V-Shield-2.0\API\API\API\Controllers\DeviceManagementController.cs","287"
"Namespace","API.Controllers","C:\DoAnTotNghiep\V-Shield-2.0\API\API\API\Controllers\EmployeesController.cs","10"
"class","EmployeesController","C:\DoAnTotNghiep\V-Shield-2.0\API\API\API\Controllers\EmployeesController.cs","15"
"RouteAttribute","[HttpGet]","C:\DoAnTotNghiep\V-Shield-2.0\API\API\API\Controllers\EmployeesController.cs","27"
"RouteAttribute","[HttpGet(""{id}"")]","C:\DoAnTotNghiep\V-Shield-2.0\API\API\API\Controllers\EmployeesController.cs","76"
"RouteAttribute","[HttpPost]","C:\DoAnTotNghiep\V-Shield-2.0\API\API\API\Controllers\EmployeesController.cs","103"
"ReflectionLike","return CreatedAtAction(nameof(GetById), new { id = employee.EmployeeId }, new EmployeeResponse","C:\DoAnTotNghiep\V-Shield-2.0\API\API\API\Controllers\EmployeesController.cs","148"
"RouteAttribute","[HttpPut(""{id}"")]","C:\DoAnTotNghiep\V-Shield-2.0\API\API\API\Controllers\EmployeesController.cs","164"
"RouteAttribute","[HttpDelete(""{id}"")]","C:\DoAnTotNghiep\V-Shield-2.0\API\API\API\Controllers\EmployeesController.cs","222"
"RouteAttribute","[HttpPost(""{id}/face"")]","C:\DoAnTotNghiep\V-Shield-2.0\API\API\API\Controllers\EmployeesController.cs","247"
"Namespace","API.Controllers","C:\DoAnTotNghiep\V-Shield-2.0\API\API\API\Controllers\ExceptionReasonsController.cs","7"
"class","ExceptionReasonsController","C:\DoAnTotNghiep\V-Shield-2.0\API\API\API\Controllers\ExceptionReasonsController.cs","12"
"RouteAttribute","[HttpGet]","C:\DoAnTotNghiep\V-Shield-2.0\API\API\API\Controllers\ExceptionReasonsController.cs","21"
"RouteAttribute","[HttpPost]","C:\DoAnTotNghiep\V-Shield-2.0\API\API\API\Controllers\ExceptionReasonsController.cs","38"
"ReflectionLike","return CreatedAtAction(nameof(GetAll), new { id = reason.ReasonId }, new","C:\DoAnTotNghiep\V-Shield-2.0\API\API\API\Controllers\ExceptionReasonsController.cs","63"
"RouteAttribute","[HttpPut(""{id:int}"")]","C:\DoAnTotNghiep\V-Shield-2.0\API\API\API\Controllers\ExceptionReasonsController.cs","71"
"RouteAttribute","[HttpDelete(""{id:int}"")]","C:\DoAnTotNghiep\V-Shield-2.0\API\API\API\Controllers\ExceptionReasonsController.cs","108"
"Namespace","API.Controllers","C:\DoAnTotNghiep\V-Shield-2.0\API\API\API\Controllers\FaceCameraController.cs","4"
"class","FaceCameraController","C:\DoAnTotNghiep\V-Shield-2.0\API\API\API\Controllers\FaceCameraController.cs","8"
"RouteAttribute","[HttpPost(""camera/on"")]","C:\DoAnTotNghiep\V-Shield-2.0\API\API\API\Controllers\FaceCameraController.cs","22"
"RouteAttribute","[HttpPost(""camera/off"")]","C:\DoAnTotNghiep\V-Shield-2.0\API\API\API\Controllers\FaceCameraController.cs","26"
"RouteAttribute","[HttpPost(""camera/reset"")]","C:\DoAnTotNghiep\V-Shield-2.0\API\API\API\Controllers\FaceCameraController.cs","30"
"RouteAttribute","[HttpGet(""camera/status"")]","C:\DoAnTotNghiep\V-Shield-2.0\API\API\API\Controllers\FaceCameraController.cs","34"
"RouteAttribute","[HttpGet(""camera/result"")]","C:\DoAnTotNghiep\V-Shield-2.0\API\API\API\Controllers\FaceCameraController.cs","38"
"RouteAttribute","[HttpGet(""camera/locked-images"")]","C:\DoAnTotNghiep\V-Shield-2.0\API\API\API\Controllers\FaceCameraController.cs","42"
"Namespace","API.Controllers","C:\DoAnTotNghiep\V-Shield-2.0\API\API\API\Controllers\FaceIDController.cs","9"
"class","FaceIDController","C:\DoAnTotNghiep\V-Shield-2.0\API\API\API\Controllers\FaceIDController.cs","13"
"RouteAttribute","[HttpGet(""status"")]","C:\DoAnTotNghiep\V-Shield-2.0\API\API\API\Controllers\FaceIDController.cs","194"
"RouteAttribute","[HttpPost(""start"")]","C:\DoAnTotNghiep\V-Shield-2.0\API\API\API\Controllers\FaceIDController.cs","212"
"RouteAttribute","[HttpPost(""stop"")]","C:\DoAnTotNghiep\V-Shield-2.0\API\API\API\Controllers\FaceIDController.cs","236"
"RouteAttribute","[HttpGet(""discover-ipwebcam"")]","C:\DoAnTotNghiep\V-Shield-2.0\API\API\API\Controllers\FaceIDController.cs","259"
"RouteAttribute","[HttpPost(""shutdown"")]","C:\DoAnTotNghiep\V-Shield-2.0\API\API\API\Controllers\FaceIDController.cs","271"
"Namespace","API.Controllers","C:\DoAnTotNghiep\V-Shield-2.0\API\API\API\Controllers\GuestProfilesController.cs","7"
"class","GuestProfilesController","C:\DoAnTotNghiep\V-Shield-2.0\API\API\API\Controllers\GuestProfilesController.cs","12"
"RouteAttribute","[HttpGet]","C:\DoAnTotNghiep\V-Shield-2.0\API\API\API\Controllers\GuestProfilesController.cs","21"
"RouteAttribute","[HttpGet(""{id:int}"")]","C:\DoAnTotNghiep\V-Shield-2.0\API\API\API\Controllers\GuestProfilesController.cs","75"
"RouteAttribute","[HttpPost]","C:\DoAnTotNghiep\V-Shield-2.0\API\API\API\Controllers\GuestProfilesController.cs","111"
"ReflectionLike","return CreatedAtAction(nameof(GetDetail), new { id = guest.GuestId }, new","C:\DoAnTotNghiep\V-Shield-2.0\API\API\API\Controllers\GuestProfilesController.cs","130"
"RouteAttribute","[HttpPut(""{id:int}"")]","C:\DoAnTotNghiep\V-Shield-2.0\API\API\API\Controllers\GuestProfilesController.cs","140"
"RouteAttribute","[HttpDelete(""{id:int}"")]","C:\DoAnTotNghiep\V-Shield-2.0\API\API\API\Controllers\GuestProfilesController.cs","171"
"Namespace","API.Controllers","C:\DoAnTotNghiep\V-Shield-2.0\API\API\API\Controllers\PlateCameraController.cs","4"
"class","PlateCameraController","C:\DoAnTotNghiep\V-Shield-2.0\API\API\API\Controllers\PlateCameraController.cs","8"
"RouteAttribute","[HttpPost(""camera/on"")]","C:\DoAnTotNghiep\V-Shield-2.0\API\API\API\Controllers\PlateCameraController.cs","22"
"RouteAttribute","[HttpPost(""camera/off"")]","C:\DoAnTotNghiep\V-Shield-2.0\API\API\API\Controllers\PlateCameraController.cs","26"
"RouteAttribute","[HttpPost(""camera/reset"")]","C:\DoAnTotNghiep\V-Shield-2.0\API\API\API\Controllers\PlateCameraController.cs","30"
"RouteAttribute","[HttpGet(""camera/status"")]","C:\DoAnTotNghiep\V-Shield-2.0\API\API\API\Controllers\PlateCameraController.cs","34"
"RouteAttribute","[HttpGet(""camera/result"")]","C:\DoAnTotNghiep\V-Shield-2.0\API\API\API\Controllers\PlateCameraController.cs","38"
"RouteAttribute","[HttpGet(""camera/locked-images"")]","C:\DoAnTotNghiep\V-Shield-2.0\API\API\API\Controllers\PlateCameraController.cs","42"
"Namespace","API.Controllers","C:\DoAnTotNghiep\V-Shield-2.0\API\API\API\Controllers\PositionsController.cs","8"
"class","PositionsController","C:\DoAnTotNghiep\V-Shield-2.0\API\API\API\Controllers\PositionsController.cs","13"
"RouteAttribute","[HttpGet]","C:\DoAnTotNghiep\V-Shield-2.0\API\API\API\Controllers\PositionsController.cs","23"
"RouteAttribute","[HttpGet(""{id}"")]","C:\DoAnTotNghiep\V-Shield-2.0\API\API\API\Controllers\PositionsController.cs","40"
"RouteAttribute","[HttpPost]","C:\DoAnTotNghiep\V-Shield-2.0\API\API\API\Controllers\PositionsController.cs","59"
"ReflectionLike","return CreatedAtAction(nameof(GetById), new { id = position.PositionId }, new PositionResponse","C:\DoAnTotNghiep\V-Shield-2.0\API\API\API\Controllers\PositionsController.cs","77"
"RouteAttribute","[HttpPut(""{id}"")]","C:\DoAnTotNghiep\V-Shield-2.0\API\API\API\Controllers\PositionsController.cs","86"
"RouteAttribute","[HttpDelete(""{id}"")]","C:\DoAnTotNghiep\V-Shield-2.0\API\API\API\Controllers\PositionsController.cs","112"
"Namespace","API.Controllers","C:\DoAnTotNghiep\V-Shield-2.0\API\API\API\Controllers\PreRegistrationController.cs","9"
"class","PreRegistrationController","C:\DoAnTotNghiep\V-Shield-2.0\API\API\API\Controllers\PreRegistrationController.cs","13"
"RouteAttribute","[HttpGet(""validate/{token}"")]","C:\DoAnTotNghiep\V-Shield-2.0\API\API\API\Controllers\PreRegistrationController.cs","24"
"RouteAttribute","[HttpPost(""submit/{token}"")]","C:\DoAnTotNghiep\V-Shield-2.0\API\API\API\Controllers\PreRegistrationController.cs","59"
"RouteAttribute","[HttpGet]","C:\DoAnTotNghiep\V-Shield-2.0\API\API\API\Controllers\PreRegistrationController.cs","170"
"RouteAttribute","[HttpGet(""{id}"")]","C:\DoAnTotNghiep\V-Shield-2.0\API\API\API\Controllers\PreRegistrationController.cs","223"
"RouteAttribute","[HttpPatch(""{id}/status"")]","C:\DoAnTotNghiep\V-Shield-2.0\API\API\API\Controllers\PreRegistrationController.cs","276"
"RouteAttribute","[HttpPost(""verify-visitor-qr"")]","C:\DoAnTotNghiep\V-Shield-2.0\API\API\API\Controllers\PreRegistrationController.cs","294"
"Namespace","API.Controllers","C:\DoAnTotNghiep\V-Shield-2.0\API\API\API\Controllers\QrAccessController.cs","9"
"class","QrAccessController","C:\DoAnTotNghiep\V-Shield-2.0\API\API\API\Controllers\QrAccessController.cs","13"
"RouteAttribute","[HttpPost(""scan-access"")]","C:\DoAnTotNghiep\V-Shield-2.0\API\API\API\Controllers\QrAccessController.cs","22"
"Namespace","API.Controllers","C:\DoAnTotNghiep\V-Shield-2.0\API\API\API\Controllers\QR_DongController.cs","11"
"class","QR_DongController","C:\DoAnTotNghiep\V-Shield-2.0\API\API\API\Controllers\QR_DongController.cs","15"
"RouteAttribute","[HttpPost(""generate"")]","C:\DoAnTotNghiep\V-Shield-2.0\API\API\API\Controllers\QR_DongController.cs","37"
"RouteAttribute","[HttpPost(""verify"")]","C:\DoAnTotNghiep\V-Shield-2.0\API\API\API\Controllers\QR_DongController.cs","123"
"Namespace","API.Controllers","C:\DoAnTotNghiep\V-Shield-2.0\API\API\API\Controllers\RegistrationLinkController.cs","8"
"class","RegistrationLinkController","C:\DoAnTotNghiep\V-Shield-2.0\API\API\API\Controllers\RegistrationLinkController.cs","12"
"RouteAttribute","[HttpPost]","C:\DoAnTotNghiep\V-Shield-2.0\API\API\API\Controllers\RegistrationLinkController.cs","23"
"RouteAttribute","[HttpGet]","C:\DoAnTotNghiep\V-Shield-2.0\API\API\API\Controllers\RegistrationLinkController.cs","56"
"Namespace","API.Controllers","C:\DoAnTotNghiep\V-Shield-2.0\API\API\API\Controllers\RuntimeServicesController.cs","5"
"class","RuntimeServicesController","C:\DoAnTotNghiep\V-Shield-2.0\API\API\API\Controllers\RuntimeServicesController.cs","10"
"RouteAttribute","[HttpGet]","C:\DoAnTotNghiep\V-Shield-2.0\API\API\API\Controllers\RuntimeServicesController.cs","19"
"RouteAttribute","[HttpPut(""{name}"")]","C:\DoAnTotNghiep\V-Shield-2.0\API\API\API\Controllers\RuntimeServicesController.cs","25"
"RouteAttribute","[HttpPost(""{name}/start"")]","C:\DoAnTotNghiep\V-Shield-2.0\API\API\API\Controllers\RuntimeServicesController.cs","33"
"RouteAttribute","[HttpPost(""{name}/stop"")]","C:\DoAnTotNghiep\V-Shield-2.0\API\API\API\Controllers\RuntimeServicesController.cs","41"
"Namespace","API.Controllers","C:\DoAnTotNghiep\V-Shield-2.0\API\API\API\Controllers\SetCamController.cs","9"
"class","SetCamController","C:\DoAnTotNghiep\V-Shield-2.0\API\API\API\Controllers\SetCamController.cs","13"
"RouteAttribute","[HttpGet]","C:\DoAnTotNghiep\V-Shield-2.0\API\API\API\Controllers\SetCamController.cs","25"
"RouteAttribute","[HttpGet(""{id}"")]","C:\DoAnTotNghiep\V-Shield-2.0\API\API\API\Controllers\SetCamController.cs","46"
"RouteAttribute","[HttpPost]","C:\DoAnTotNghiep\V-Shield-2.0\API\API\API\Controllers\SetCamController.cs","71"
"RouteAttribute","[HttpPut(""{id}"")]","C:\DoAnTotNghiep\V-Shield-2.0\API\API\API\Controllers\SetCamController.cs","111"
"RouteAttribute","[HttpDelete(""{id}"")]","C:\DoAnTotNghiep\V-Shield-2.0\API\API\API\Controllers\SetCamController.cs","147"
"RouteAttribute","[HttpPost(""reload-go2rtc"")]","C:\DoAnTotNghiep\V-Shield-2.0\API\API\API\Controllers\SetCamController.cs","162"
"RouteAttribute","[HttpPost(""stop-go2rtc"")]","C:\DoAnTotNghiep\V-Shield-2.0\API\API\API\Controllers\SetCamController.cs","257"
"RouteAttribute","[HttpPost(""start-python-qr"")]","C:\DoAnTotNghiep\V-Shield-2.0\API\API\API\Controllers\SetCamController.cs","278"
"RouteAttribute","[HttpPost(""stop-python-qr"")]","C:\DoAnTotNghiep\V-Shield-2.0\API\API\API\Controllers\SetCamController.cs","284"
"RouteAttribute","[HttpPost(""start-python-plate"")]","C:\DoAnTotNghiep\V-Shield-2.0\API\API\API\Controllers\SetCamController.cs","290"
"RouteAttribute","[HttpPost(""stop-python-plate"")]","C:\DoAnTotNghiep\V-Shield-2.0\API\API\API\Controllers\SetCamController.cs","296"
"RouteAttribute","[HttpPost(""start-python-cam-gia-lap"")]","C:\DoAnTotNghiep\V-Shield-2.0\API\API\API\Controllers\SetCamController.cs","302"
"RouteAttribute","[HttpPost(""stop-python-cam-gia-lap"")]","C:\DoAnTotNghiep\V-Shield-2.0\API\API\API\Controllers\SetCamController.cs","308"
"RouteAttribute","[HttpGet(""status-python"")]","C:\DoAnTotNghiep\V-Shield-2.0\API\API\API\Controllers\SetCamController.cs","320"
"Namespace","API.Controllers","C:\DoAnTotNghiep\V-Shield-2.0\API\API\API\Controllers\StatisticsController.cs","9"
"class","StatisticsController","C:\DoAnTotNghiep\V-Shield-2.0\API\API\API\Controllers\StatisticsController.cs","14"
"RouteAttribute","[HttpGet(""employees/summary"")]","C:\DoAnTotNghiep\V-Shield-2.0\API\API\API\Controllers\StatisticsController.cs","29"
"RouteAttribute","[HttpGet(""employees/stream"")]","C:\DoAnTotNghiep\V-Shield-2.0\API\API\API\Controllers\StatisticsController.cs","76"
"Namespace","API.Controllers","C:\DoAnTotNghiep\V-Shield-2.0\API\API\API\Controllers\ThongHanhController.cs","6"
"class","GateController","C:\DoAnTotNghiep\V-Shield-2.0\API\API\API\Controllers\ThongHanhController.cs","10"
"RouteAttribute","[HttpPost(""scan"")]","C:\DoAnTotNghiep\V-Shield-2.0\API\API\API\Controllers\ThongHanhController.cs","26"
"RouteAttribute","[HttpPost(""scan-guest"")]","C:\DoAnTotNghiep\V-Shield-2.0\API\API\API\Controllers\ThongHanhController.cs","183"
"RouteAttribute","[HttpGet(""vehicle-by-employee/{employeeId:int}"")]","C:\DoAnTotNghiep\V-Shield-2.0\API\API\API\Controllers\ThongHanhController.cs","291"
"RouteAttribute","[HttpGet(""vehicle-by-plate/{licensePlate}"")]","C:\DoAnTotNghiep\V-Shield-2.0\API\API\API\Controllers\ThongHanhController.cs","318"
"RouteAttribute","[HttpGet(""logs-by-plate/{licensePlate}"")]","C:\DoAnTotNghiep\V-Shield-2.0\API\API\API\Controllers\ThongHanhController.cs","353"
"RouteAttribute","[HttpGet(""logs-by-employee/{employeeId:int}"")]","C:\DoAnTotNghiep\V-Shield-2.0\API\API\API\Controllers\ThongHanhController.cs","388"
"class","GateScanRequest","C:\DoAnTotNghiep\V-Shield-2.0\API\API\API\Controllers\ThongHanhController.cs","444"
"class","GateApiResponse","C:\DoAnTotNghiep\V-Shield-2.0\API\API\API\Controllers\ThongHanhController.cs","457"
"Namespace","API.Controllers","C:\DoAnTotNghiep\V-Shield-2.0\API\API\API\Controllers\UsersController.cs","9"
"class","UsersController","C:\DoAnTotNghiep\V-Shield-2.0\API\API\API\Controllers\UsersController.cs","14"
"RouteAttribute","[HttpGet]","C:\DoAnTotNghiep\V-Shield-2.0\API\API\API\Controllers\UsersController.cs","23"
"RouteAttribute","[HttpGet(""{id}"")]","C:\DoAnTotNghiep\V-Shield-2.0\API\API\API\Controllers\UsersController.cs","43"
"RouteAttribute","[HttpPost]","C:\DoAnTotNghiep\V-Shield-2.0\API\API\API\Controllers\UsersController.cs","62"
"ReflectionLike","return CreatedAtAction(nameof(GetById), new { id = user.UserId }, new UserResponse","C:\DoAnTotNghiep\V-Shield-2.0\API\API\API\Controllers\UsersController.cs","97"
"RouteAttribute","[HttpPut(""{id}"")]","C:\DoAnTotNghiep\V-Shield-2.0\API\API\API\Controllers\UsersController.cs","109"
"RouteAttribute","[HttpDelete(""{id}"")]","C:\DoAnTotNghiep\V-Shield-2.0\API\API\API\Controllers\UsersController.cs","160"
"Namespace","API.Controllers","C:\DoAnTotNghiep\V-Shield-2.0\API\API\API\Controllers\VehiclesController.cs","5"
"class","VehiclesController","C:\DoAnTotNghiep\V-Shield-2.0\API\API\API\Controllers\VehiclesController.cs","9"
"RouteAttribute","[HttpGet(""types"")]","C:\DoAnTotNghiep\V-Shield-2.0\API\API\API\Controllers\VehiclesController.cs","18"
"RouteAttribute","[HttpGet]","C:\DoAnTotNghiep\V-Shield-2.0\API\API\API\Controllers\VehiclesController.cs","27"
"RouteAttribute","[HttpGet(""{id:int}"")]","C:\DoAnTotNghiep\V-Shield-2.0\API\API\API\Controllers\VehiclesController.cs","36"
"RouteAttribute","[HttpGet(""license-plate/{plate}"")]","C:\DoAnTotNghiep\V-Shield-2.0\API\API\API\Controllers\VehiclesController.cs","48"
"RouteAttribute","[HttpGet(""employee/{employeeId:int}"")]","C:\DoAnTotNghiep\V-Shield-2.0\API\API\API\Controllers\VehiclesController.cs","60"
"RouteAttribute","[HttpPost]","C:\DoAnTotNghiep\V-Shield-2.0\API\API\API\Controllers\VehiclesController.cs","69"
"ReflectionLike","return CreatedAtAction(nameof(GetById), new { id = created.VehicleId }, created);","C:\DoAnTotNghiep\V-Shield-2.0\API\API\API\Controllers\VehiclesController.cs","78"
"RouteAttribute","[HttpPut(""{id:int}"")]","C:\DoAnTotNghiep\V-Shield-2.0\API\API\API\Controllers\VehiclesController.cs","92"
"RouteAttribute","[HttpDelete(""{id:int}"")]","C:\DoAnTotNghiep\V-Shield-2.0\API\API\API\Controllers\VehiclesController.cs","118"
"Namespace","API.Controllers","C:\DoAnTotNghiep\V-Shield-2.0\API\API\API\Controllers\VideoController.cs","8"
"class","VideoController","C:\DoAnTotNghiep\V-Shield-2.0\API\API\API\Controllers\VideoController.cs","13"
"RouteAttribute","[HttpPost(""upload"")]","C:\DoAnTotNghiep\V-Shield-2.0\API\API\API\Controllers\VideoController.cs","24"
"RouteAttribute","[HttpGet(""employee/{employeeId}"")]","C:\DoAnTotNghiep\V-Shield-2.0\API\API\API\Controllers\VideoController.cs","126"
"RouteAttribute","[HttpDelete(""{id}"")]","C:\DoAnTotNghiep\V-Shield-2.0\API\API\API\Controllers\VideoController.cs","138"
"Namespace","API.Controllers","C:\DoAnTotNghiep\V-Shield-2.0\API\API\API\Controllers\WeatherForecastController.cs","3"
"class","WeatherForecastController","C:\DoAnTotNghiep\V-Shield-2.0\API\API\API\Controllers\WeatherForecastController.cs","7"
"Namespace","API.Data","C:\DoAnTotNghiep\V-Shield-2.0\API\API\API\Data\ApplicationDbContext.cs","6"
"class","ApplicationDbContext","C:\DoAnTotNghiep\V-Shield-2.0\API\API\API\Data\ApplicationDbContext.cs","8"
"Namespace","API.DTOs","C:\DoAnTotNghiep\V-Shield-2.0\API\API\API\DTOs\AccessControlDtos.cs","1"
"class","SetPermissionRequest","C:\DoAnTotNghiep\V-Shield-2.0\API\API\API\DTOs\AccessControlDtos.cs","4"
"class","QrScanAccessRequest","C:\DoAnTotNghiep\V-Shield-2.0\API\API\API\DTOs\AccessControlDtos.cs","12"
"Namespace","API.DTOs","C:\DoAnTotNghiep\V-Shield-2.0\API\API\API\DTOs\CameraDTO.cs","1"
"class","CameraDTO","C:\DoAnTotNghiep\V-Shield-2.0\API\API\API\DTOs\CameraDTO.cs","3"
"Namespace","API.DTOs","C:\DoAnTotNghiep\V-Shield-2.0\API\API\API\DTOs\CreateEmployeeRequest.cs","3"
"class","CreateEmployeeRequest","C:\DoAnTotNghiep\V-Shield-2.0\API\API\API\DTOs\CreateEmployeeRequest.cs","5"
"Namespace","API.DTOs","C:\DoAnTotNghiep\V-Shield-2.0\API\API\API\DTOs\CreateUserRequest.cs","3"
"class","CreateUserRequest","C:\DoAnTotNghiep\V-Shield-2.0\API\API\API\DTOs\CreateUserRequest.cs","5"
"Namespace","API.DTOs","C:\DoAnTotNghiep\V-Shield-2.0\API\API\API\DTOs\DepartmentRequest.cs","3"
"class","CreateDepartmentRequest","C:\DoAnTotNghiep\V-Shield-2.0\API\API\API\DTOs\DepartmentRequest.cs","5"
"class","UpdateDepartmentRequest","C:\DoAnTotNghiep\V-Shield-2.0\API\API\API\DTOs\DepartmentRequest.cs","12"
"class","DepartmentResponse","C:\DoAnTotNghiep\V-Shield-2.0\API\API\API\DTOs\DepartmentRequest.cs","19"
"Namespace","API.Models.DTOs","C:\DoAnTotNghiep\V-Shield-2.0\API\API\API\DTOs\DynamicQrDtos.cs","3"
"class","GenerateDynamicQrRequest","C:\DoAnTotNghiep\V-Shield-2.0\API\API\API\DTOs\DynamicQrDtos.cs","5"
"class","VerifyDynamicQrRequest","C:\DoAnTotNghiep\V-Shield-2.0\API\API\API\DTOs\DynamicQrDtos.cs","11"
"Namespace","API.DTOs","C:\DoAnTotNghiep\V-Shield-2.0\API\API\API\DTOs\EmployeeResponse.cs","1"
"class","EmployeeResponse","C:\DoAnTotNghiep\V-Shield-2.0\API\API\API\DTOs\EmployeeResponse.cs","3"
"Namespace","API.DTOs","C:\DoAnTotNghiep\V-Shield-2.0\API\API\API\DTOs\EmployeeStatsResponse.cs","1"
"class","EmployeeSummaryResponse","C:\DoAnTotNghiep\V-Shield-2.0\API\API\API\DTOs\EmployeeStatsResponse.cs","3"
"class","DepartmentStatItem","C:\DoAnTotNghiep\V-Shield-2.0\API\API\API\DTOs\EmployeeStatsResponse.cs","24"
"class","PositionStatItem","C:\DoAnTotNghiep\V-Shield-2.0\API\API\API\DTOs\EmployeeStatsResponse.cs","32"
"class","EmployeeCountChangedEvent","C:\DoAnTotNghiep\V-Shield-2.0\API\API\API\DTOs\EmployeeStatsResponse.cs","41"
"Namespace","API.DTOs","C:\DoAnTotNghiep\V-Shield-2.0\API\API\API\DTOs\LoginRequest.cs","3"
"class","LoginRequest","C:\DoAnTotNghiep\V-Shield-2.0\API\API\API\DTOs\LoginRequest.cs","5"
"Namespace","API.DTOs","C:\DoAnTotNghiep\V-Shield-2.0\API\API\API\DTOs\LoginResponse.cs","1"
"class","LoginResponse","C:\DoAnTotNghiep\V-Shield-2.0\API\API\API\DTOs\LoginResponse.cs","3"
"Namespace","API.DTOs","C:\DoAnTotNghiep\V-Shield-2.0\API\API\API\DTOs\PositionRequest.cs","3"
"class","CreatePositionRequest","C:\DoAnTotNghiep\V-Shield-2.0\API\API\API\DTOs\PositionRequest.cs","5"
"class","UpdatePositionRequest","C:\DoAnTotNghiep\V-Shield-2.0\API\API\API\DTOs\PositionRequest.cs","12"
"class","PositionResponse","C:\DoAnTotNghiep\V-Shield-2.0\API\API\API\DTOs\PositionRequest.cs","19"
"Namespace","API.DTOs.PreRegistration","C:\DoAnTotNghiep\V-Shield-2.0\API\API\API\DTOs\PreRegistrationDtos.cs","5"
"class","CreateLinkRequestDto","C:\DoAnTotNghiep\V-Shield-2.0\API\API\API\DTOs\PreRegistrationDtos.cs","12"
"class","SubmitRegistrationDto","C:\DoAnTotNghiep\V-Shield-2.0\API\API\API\DTOs\PreRegistrationDtos.cs","22"
"class","VisitorInfoDto","C:\DoAnTotNghiep\V-Shield-2.0\API\API\API\DTOs\PreRegistrationDtos.cs","46"
"class","VerifyVisitorQrDto","C:\DoAnTotNghiep\V-Shield-2.0\API\API\API\DTOs\PreRegistrationDtos.cs","61"
"class","UpdateStatusDto","C:\DoAnTotNghiep\V-Shield-2.0\API\API\API\DTOs\PreRegistrationDtos.cs","65"
"class","CreateLinkResponseDto","C:\DoAnTotNghiep\V-Shield-2.0\API\API\API\DTOs\PreRegistrationDtos.cs","77"
"class","ValidateTokenResponseDto","C:\DoAnTotNghiep\V-Shield-2.0\API\API\API\DTOs\PreRegistrationDtos.cs","84"
"class","RegistrationListItemDto","C:\DoAnTotNghiep\V-Shield-2.0\API\API\API\DTOs\PreRegistrationDtos.cs","96"
"class","RegistrationDetailDto","C:\DoAnTotNghiep\V-Shield-2.0\API\API\API\DTOs\PreRegistrationDtos.cs","111"
"class","AccessLogDto","C:\DoAnTotNghiep\V-Shield-2.0\API\API\API\DTOs\PreRegistrationDtos.cs","117"
"Namespace","API.DTOs","C:\DoAnTotNghiep\V-Shield-2.0\API\API\API\DTOs\SetCamRequest.cs","1"
"class","SetCamRequest","C:\DoAnTotNghiep\V-Shield-2.0\API\API\API\DTOs\SetCamRequest.cs","3"
"Namespace","API.DTOs","C:\DoAnTotNghiep\V-Shield-2.0\API\API\API\DTOs\UpdateEmployeeRequest.cs","3"
"class","UpdateEmployeeRequest","C:\DoAnTotNghiep\V-Shield-2.0\API\API\API\DTOs\UpdateEmployeeRequest.cs","5"
"Namespace","API.DTOs","C:\DoAnTotNghiep\V-Shield-2.0\API\API\API\DTOs\UpdateUserRequest.cs","3"
"class","UpdateUserRequest","C:\DoAnTotNghiep\V-Shield-2.0\API\API\API\DTOs\UpdateUserRequest.cs","5"
"Namespace","API.DTOs","C:\DoAnTotNghiep\V-Shield-2.0\API\API\API\DTOs\UserResponse.cs","1"
"class","UserResponse","C:\DoAnTotNghiep\V-Shield-2.0\API\API\API\DTOs\UserResponse.cs","3"
"Namespace","API.DTOs","C:\DoAnTotNghiep\V-Shield-2.0\API\API\API\DTOs\VehicleDtos.cs","1"
"class","VehicleDto","C:\DoAnTotNghiep\V-Shield-2.0\API\API\API\DTOs\VehicleDtos.cs","6"
"class","VehicleTypeDto","C:\DoAnTotNghiep\V-Shield-2.0\API\API\API\DTOs\VehicleDtos.cs","17"
"class","CreateVehicleDto","C:\DoAnTotNghiep\V-Shield-2.0\API\API\API\DTOs\VehicleDtos.cs","24"
"class","UpdateVehicleDto","C:\DoAnTotNghiep\V-Shield-2.0\API\API\API\DTOs\VehicleDtos.cs","40"
"Namespace","API.Hubs","C:\DoAnTotNghiep\V-Shield-2.0\API\API\API\Hubs\EmployeeStatsHub.cs","3"
"class","EmployeeStatsHub","C:\DoAnTotNghiep\V-Shield-2.0\API\API\API\Hubs\EmployeeStatsHub.cs","10"
"Namespace","API.Migrations","C:\DoAnTotNghiep\V-Shield-2.0\API\API\API\Migrations\20260522060405_InitialCreate.cs","8"
"class","InitialCreate","C:\DoAnTotNghiep\V-Shield-2.0\API\API\API\Migrations\20260522060405_InitialCreate.cs","11"
"Namespace","API.Migrations","C:\DoAnTotNghiep\V-Shield-2.0\API\API\API\Migrations\ApplicationDbContextModelSnapshot.cs","11"
"ReflectionLike","[DbContext(typeof(ApplicationDbContext))]","C:\DoAnTotNghiep\V-Shield-2.0\API\API\API\Migrations\ApplicationDbContextModelSnapshot.cs","13"
"class","ApplicationDbContextModelSnapshot","C:\DoAnTotNghiep\V-Shield-2.0\API\API\API\Migrations\ApplicationDbContextModelSnapshot.cs","14"
"Namespace","API.Models","C:\DoAnTotNghiep\V-Shield-2.0\API\API\API\Models\AccessLog.cs","7"
"class","AccessLog","C:\DoAnTotNghiep\V-Shield-2.0\API\API\API\Models\AccessLog.cs","10"
"Namespace","API.Models","C:\DoAnTotNghiep\V-Shield-2.0\API\API\API\Models\AccessPermissions.cs","5"
"class","EmployeeAccessPermission","C:\DoAnTotNghiep\V-Shield-2.0\API\API\API\Models\AccessPermissions.cs","9"
"class","VisitorAccessPermission","C:\DoAnTotNghiep\V-Shield-2.0\API\API\API\Models\AccessPermissions.cs","27"
"Namespace","API.Models","C:\DoAnTotNghiep\V-Shield-2.0\API\API\API\Models\AppUser.cs","4"
"class","AppUser","C:\DoAnTotNghiep\V-Shield-2.0\API\API\API\Models\AppUser.cs","7"
"Namespace","API.Models","C:\DoAnTotNghiep\V-Shield-2.0\API\API\API\Models\Camera.cs","7"
"class","Camera","C:\DoAnTotNghiep\V-Shield-2.0\API\API\API\Models\Camera.cs","10"
"Namespace","API.Models","C:\DoAnTotNghiep\V-Shield-2.0\API\API\API\Models\CameraPlate.cs","4"
"class","CameraPlate","C:\DoAnTotNghiep\V-Shield-2.0\API\API\API\Models\CameraPlate.cs","6"
"Namespace","API.Models","C:\DoAnTotNghiep\V-Shield-2.0\API\API\API\Models\Department.cs","7"
"class","Department","C:\DoAnTotNghiep\V-Shield-2.0\API\API\API\Models\Department.cs","10"
"Namespace","API.Models","C:\DoAnTotNghiep\V-Shield-2.0\API\API\API\Models\DynamicQrScanLog.cs","3"
"class","DynamicQrScanLog","C:\DoAnTotNghiep\V-Shield-2.0\API\API\API\Models\DynamicQrScanLog.cs","5"
"Namespace","API.Models","C:\DoAnTotNghiep\V-Shield-2.0\API\API\API\Models\Employee.cs","7"
"class","Employee","C:\DoAnTotNghiep\V-Shield-2.0\API\API\API\Models\Employee.cs","10"
"Namespace","API.Models","C:\DoAnTotNghiep\V-Shield-2.0\API\API\API\Models\EmployeeDynamicQr.cs","3"
"class","EmployeeDynamicQr","C:\DoAnTotNghiep\V-Shield-2.0\API\API\API\Models\EmployeeDynamicQr.cs","5"
"Namespace","API.Models","C:\DoAnTotNghiep\V-Shield-2.0\API\API\API\Models\EmployeeFaceModel.cs","4"
"class","EmployeeFaceModel","C:\DoAnTotNghiep\V-Shield-2.0\API\API\API\Models\EmployeeFaceModel.cs","6"
"Namespace","API.Models","C:\DoAnTotNghiep\V-Shield-2.0\API\API\API\Models\EmployeeFaceVideo.cs","4"
"class","EmployeeFaceVideo","C:\DoAnTotNghiep\V-Shield-2.0\API\API\API\Models\EmployeeFaceVideo.cs","6"
"Namespace","API.Models","C:\DoAnTotNghiep\V-Shield-2.0\API\API\API\Models\ExceptionReason.cs","7"
"class","ExceptionReason","C:\DoAnTotNghiep\V-Shield-2.0\API\API\API\Models\ExceptionReason.cs","11"
"Namespace","API.Models","C:\DoAnTotNghiep\V-Shield-2.0\API\API\API\Models\Gate.cs","7"
"class","Gate","C:\DoAnTotNghiep\V-Shield-2.0\API\API\API\Models\Gate.cs","10"
"Namespace","API.Models","C:\DoAnTotNghiep\V-Shield-2.0\API\API\API\Models\GuestProfile.cs","7"
"class","GuestProfile","C:\DoAnTotNghiep\V-Shield-2.0\API\API\API\Models\GuestProfile.cs","10"
"Namespace","API.Models","C:\DoAnTotNghiep\V-Shield-2.0\API\API\API\Models\Position.cs","7"
"class","Position","C:\DoAnTotNghiep\V-Shield-2.0\API\API\API\Models\Position.cs","10"
"Namespace","API.Models","C:\DoAnTotNghiep\V-Shield-2.0\API\API\API\Models\PreRegistration.cs","7"
"class","PreRegistration","C:\DoAnTotNghiep\V-Shield-2.0\API\API\API\Models\PreRegistration.cs","10"
"Namespace","API.Models","C:\DoAnTotNghiep\V-Shield-2.0\API\API\API\Models\RegistrationLink.cs","6"
"class","RegistrationLink","C:\DoAnTotNghiep\V-Shield-2.0\API\API\API\Models\RegistrationLink.cs","9"
"Namespace","API.Models","C:\DoAnTotNghiep\V-Shield-2.0\API\API\API\Models\UploadVideoRequest.cs","3"
"class","UploadVideoRequest","C:\DoAnTotNghiep\V-Shield-2.0\API\API\API\Models\UploadVideoRequest.cs","5"
"Namespace","API.Models","C:\DoAnTotNghiep\V-Shield-2.0\API\API\API\Models\Vehicle.cs","7"
"class","Vehicle","C:\DoAnTotNghiep\V-Shield-2.0\API\API\API\Models\Vehicle.cs","11"
"Namespace","API.Models","C:\DoAnTotNghiep\V-Shield-2.0\API\API\API\Models\VehicleType.cs","7"
"class","VehicleType","C:\DoAnTotNghiep\V-Shield-2.0\API\API\API\Models\VehicleType.cs","10"
"Namespace","API.Models","C:\DoAnTotNghiep\V-Shield-2.0\API\API\API\Models\VisitorDetail.cs","4"
"class","VisitorDetail","C:\DoAnTotNghiep\V-Shield-2.0\API\API\API\Models\VisitorDetail.cs","7"
"Namespace","API.Services","C:\DoAnTotNghiep\V-Shield-2.0\API\API\API\Services\AuthService.cs","9"
"class","AuthService","C:\DoAnTotNghiep\V-Shield-2.0\API\API\API\Services\AuthService.cs","11"
"Namespace","API.Services","C:\DoAnTotNghiep\V-Shield-2.0\API\API\API\Services\IAuthService.cs","3"
"interface","IAuthService","C:\DoAnTotNghiep\V-Shield-2.0\API\API\API\Services\IAuthService.cs","5"
"Namespace","API.Services","C:\DoAnTotNghiep\V-Shield-2.0\API\API\API\Services\LanCameraDiscoveryService.cs","9"
"interface","ILanCameraDiscoveryService","C:\DoAnTotNghiep\V-Shield-2.0\API\API\API\Services\LanCameraDiscoveryService.cs","11"
"Namespace","API.Services","C:\DoAnTotNghiep\V-Shield-2.0\API\API\API\Services\RuntimeAutoStartHostedService.cs","1"
"Namespace","API.Services","C:\DoAnTotNghiep\V-Shield-2.0\API\API\API\Services\RuntimeOrchestrator.cs","4"
"Namespace","API.Services","C:\DoAnTotNghiep\V-Shield-2.0\API\API\API\Services\StaticVisitorQrService.cs","4"
"Namespace","API.Services","C:\DoAnTotNghiep\V-Shield-2.0\API\API\API\Services\VehicleService.cs","6"
"interface","IVehicleService","C:\DoAnTotNghiep\V-Shield-2.0\API\API\API\Services\VehicleService.cs","9"
"class","VehicleService","C:\DoAnTotNghiep\V-Shield-2.0\API\API\API\Services\VehicleService.cs","22"
